Workbook

Sheet Instrucciones
A1: Sistema de Stock Centralizado — Plantilla v2
A3: Cómo usar esta plantilla:
A5: 1. Subí este archivo a Google Drive y abrilo con Google Sheets.
A6: 2. Guardalo como Google Sheet (Archivo → Guardar como Hojas de cálculo de Google).
A7: 3. Completá las hojas en este orden: Zonas → Categorías → Obras → Productos.
A8: 4. Para el inventario inicial, cargá en Movimientos un "Ajuste" con motivo "Inventario inicial" por cada producto × zona, o hacelo desde la app.
A10: Novedades v2:
A11: • Columna Ubicacion en Zonas (E) y Obras (G): pegá el link de Google Maps y aparece como botón en la app.
A12: • SKU automático: si no lo ponés al crear un producto, se genera como CAT-SUB-### (ej: REV-POR-001).
A13: • La app permite crear productos, subir fotos y generar QRs (se guardan en Drive automáticamente).
A14: • Pestaña Obras con vista de consumo por obra.
A16: Reglas importantes:
... A27: • Libera_Reserva → Cancela una reserva previa

Sheet Productos
A1: SKU | B1: Nombre | C1: Categoria | D1: Subcategoria | E1: Unidad | F1: Foto_URL | G1: Stock_Minimo_Total | H1: Notas | I1: Activo
A2: PORC-001 | B2: Porcelanato símil madera 20x120 | C2: Revestimientos | D2: Porcelanato | E2: m² | G2: 50 | H2: Ejemplo — borrar | I2: Sí
A3: AA-SPLIT-3000 | B3: Aire acondicionado split 3000 frig. | C3: Climatización | D3: Aire acondicionado split | E3: u. | G3: 2 | H3: Ejemplo — borrar | I3: Sí

Sheet Zonas
A1: Codigo | B1: Nombre | C1: Descripcion | D1: Activo | E1: Ubicacion
A2: TIN | B2: Tinglado | D2: Sí
A3: G1000 | B3: Galpón 1000 | D3: Sí
A4: G710 | B4: Galpón 710 | D4: Sí
A5: G5000 | B5: Galpón 5000 | D5: Sí
A6: G3 | B6: Galpón 3 | D6: Sí

Sheet Categorias
A1: Categoria | B1: Subcategoria
A2: Revestimientos | B2: Porcelanato
A3: Revestimientos | B3: Cerámico
A4: Revestimientos | B4: Piedra natural
A5: Revestimientos | B5: Pisos vinílicos
A6: Climatización | B6: Aire acondicionado split
A7: Climatización | B7: Aire acondicionado central
A8: Climatización | B8: Calefacción
A9: Climatización | B9: Ventilación
A10: Sanitarios | B10: Bañera
A11: Sanitarios | B11: Jacuzzi
A12: Sanitarios | B12: Ducha
... A30: Herrajes | B30: Manijas
A31: Varios

Sheet Obras
A1: Codigo | B1: Nombre | C1: Direccion | D1: Estado | E1: Fecha_Inicio | F1: Notas | G1: Ubicacion
A2: OBR-001 | B2: Obra de ejemplo — borrar | C2: Av. Siempre Viva 123 | D2: Activa | E2: 2026-04-01

Sheet Movimientos
A1: ID | B1: Fecha | C1: Tipo | D1: SKU | E1: Cantidad | F1: Zona_Origen | G1: Zona_Destino | H1: Obra | I1: Motivo_Ajuste | J1: Usuario | K1: Notas

Sheet Stock_Actual
A1: SKU | B1: Nombre | C1: Categoria | D1: Unidad | E1: TIN | F1: G1000 | G1: G710 | H1: G5000 | I1: G3 | J1: Total_Fisico | K1: Reservado | L1: Disponible | M1: Minimo | N1: Alerta
A2: =IFERROR(IF(Productos!A2="","",Productos!A2),"") -> PORC-001 | B2: =IFERROR(IF(Productos!A2="","",Productos!B2),"") -> Porcelanato símil madera 20x120 | C2: =IFERROR(IF(Productos!A2="","",Productos!C2),"") -> Revestimientos | D2: =IFERROR(IF(Productos!A2="","",Productos!E2),"") -> m² | E2: =IFERROR(IF(A2="","",SUMIFS(Movimientos!E:E, Movimientos!D:D, A2, Movimientos!C:C, "Ingreso", Movimientos!G:G, "TIN")+SUMIFS(Movimientos!E:E, Movimientos!D:D, A2, Movimientos!C:C, "Traslado", Movimientos!G:G, "TIN")-SUMIFS(Movimientos!E:E, Movimientos!D:D, A2, Movimientos!C:C, "Traslado", Movimientos!F:F, "TIN")-SUMIFS(Movimientos!E:E, Movimientos!D:D, A2, Movimientos!C:C, "Egreso", Movimientos!F:F, "TIN")+SUMIFS(Movimientos!E:E, Movimientos!D:D, A2, Movimientos!C:C, "Ajuste", Movimientos!F:F, "TIN")),"") -> 0 | F2: =IFERROR(IF(A2="","",SUMIFS(Movimientos!E:E, Movimientos!D:D, A2, Movimientos!C:C, "Ingreso", Movimientos!G:G, "G1000")+SUMIFS(Movimientos!E:E, Movimientos!D:D, A2, Movimientos!C:C, "Traslado", Movimientos!G:G, "G1000")-SUMIFS(Movimientos!E:E, Movimientos!D:D, A2, Movimientos!C:C, "Traslado", Movimientos!F:F, "G1000")-SUMIFS(Movimientos!E:E, Movimientos!D:D, A2, Movimientos!C:C, "Egreso", Movimientos!F:F, "G1000")+SUMIFS(Movimientos!E:E, Movimientos!D:D, A2, Movimientos!C:C, "Ajuste", Movimientos!F:F, "G1000")),"") -> 0 | G2: =IFERROR(IF(A2="","",SUMIFS(Movimientos!E:E, Movimientos!D:D, A2, Movimientos!C:C, "Ingreso", Movimientos!G:G, "G710")+SUMIFS(Movimientos!E:E, Movimientos!D:D, A2, Movimientos!C:C, "Traslado", Movimientos!G:G, "G710")-SUMIFS(Movimientos!E:E, Movimientos!D:D, A2, Movimientos!C:C, "Traslado", Movimientos!F:F, "G710")-SUMIFS(Movimientos!E:E, Movimientos!D:D, A2, Movimientos!C:C, "Egreso", Movimientos!F:F, "G710")+SUMIFS(Movimientos!E:E, Movimientos!D:D, A2, Movimientos!C:C, "Ajuste", Movimientos!F:F, "G710")),"") -> 0 | H2: =IFERROR(IF(A2="","",SUMIFS(Movimientos!E:E, Movimientos!D:D, A2, Movimientos!C:C, "Ingreso", Movimientos!G:G, "G5000")+SUMIFS(Movimientos!E:E, Movimientos!D:D, A2, Movimientos!C:C, "Traslado", Movimientos!G:G, "G5000")-SUMIFS(Movimientos!E:E, Movimientos!D:D, A2, Movimientos!C:C, "Traslado", Movimientos!F:F, "G5000")-SUMIFS(Movimientos!E:E, Movimientos!D:D, A2, Movimientos!C:C, "Egreso", Movimientos!F:F, "G5000")+SUMIFS(Movimientos!E:E, Movimientos!D:D, A2, Movimientos!C:C, "Ajuste", Movimientos!F:F, "G5000")),"") -> 0 | I2: =IFERROR(IF(A2="","",SUMIFS(Movimientos!E:E, Movimientos!D:D, A2, Movimientos!C:C, "Ingreso", Movimientos!G:G, "G3")+SUMIFS(Movimientos!E:E, Movimientos!D:D, A2, Movimientos!C:C, "Traslado", Movimientos!G:G, "G3")-SUMIFS(Movimientos!E:E, Movimientos!D:D, A2, Movimientos!C:C, "Traslado", Movimientos!F:F, "G3")-SUMIFS(Movimientos!E:E, Movimientos!D:D, A2, Movimientos!C:C, "Egreso", Movimientos!F:F, "G3")+SUMIFS(Movimientos!E:E, Movimientos!D:D, A2, Movimientos!C:C, "Ajuste", Movimientos!F:F, "G3")),"") -> 0 | J2: =IFERROR(IF(A2="","",SUM(E2:I2)),"") -> 0 | K2: =IFERROR(IF(A2="","",SUMIFS(Movimientos!E:E, Movimientos!D:D, A2, Movimientos!C:C, "Reserva")-SUMIFS(Movimientos!E:E, Movimientos!D:D, A2, Movimientos!C:C, "Libera_Reserva")),"") -> 0 | L2: =IFERROR(IF(A2="","",J2-K2),"") -> 0 | M2: =IFERROR(IF(Productos!A2="","",Productos!G2),"") -> 50 | N2: =IFERROR(IF(A2="","",IF(L2<M2,"BAJO STOCK","OK")),"") -> BAJO STOCK
A3: =IFERROR(IF(Productos!A3="","",Productos!A3),"") -> AA-SPLIT-3000 | B3: =IFERROR(IF(Productos!A3="","",Productos!B3),"") -> Aire acondicionado split 3000 frig. | C3: =IFERROR(IF(Productos!A3="","",Productos!C3),"") -> Climatización | D3: =IFERROR(IF(Productos!A3="","",Productos!E3),"") -> u. | E3: =IFERROR(IF(A3="","",SUMIFS(Movimientos!E:E, Movimientos!D:D, A3, Movimientos!C:C, "Ingreso", Movimientos!G:G, "TIN")+SUMIFS(Movimientos!E:E, Movimientos!D:D, A3, Movimientos!C:C, "Traslado", Movimientos!G:G, "TIN")-SUMIFS(Movimientos!E:E, Movimientos!D:D, A3, Movimientos!C:C, "Traslado", Movimientos!F:F, "TIN")-SUMIFS(Movimientos!E:E, Movimientos!D:D, A3, Movimientos!C:C, "Egreso", Movimientos!F:F, "TIN")+SUMIFS(Movimientos!E:E, Movimientos!D:D, A3, Movimientos!C:C, "Ajuste", Movimientos!F:F, "TIN")),"") -> 0 | F3: =IFERROR(IF(A3="","",SUMIFS(Movimientos!E:E, Movimientos!D:D, A3, Movimientos!C:C, "Ingreso", Movimientos!G:G, "G1000")+SUMIFS(Movimientos!E:E, Movimientos!D:D, A3, Movimientos!C:C, "Traslado", Movimientos!G:G, "G1000")-SUMIFS(Movimientos!E:E, Movimientos!D:D, A3, Movimientos!C:C, "Traslado", Movimientos!F:F, "G1000")-SUMIFS(Movimientos!E:E, Movimientos!D:D, A3, Movimientos!C:C, "Egreso", Movimientos!F:F, "G1000")+SUMIFS(Movimientos!E:E, Movimientos!D:D, A3, Movimientos!C:C, "Ajuste", Movimientos!F:F, "G1000")),"") -> 0 | G3: =IFERROR(IF(A3="","",SUMIFS(Movimientos!E:E, Movimientos!D:D, A3, Movimientos!C:C, "Ingreso", Movimientos!G:G, "G710")+SUMIFS(Movimientos!E:E, Movimientos!D:D, A3, Movimientos!C:C, "Traslado", Movimientos!G:G, "G710")-SUMIFS(Movimientos!E:E, Movimientos!D:D, A3, Movimientos!C:C, "Traslado", Movimientos!F:F, "G710")-SUMIFS(Movimientos!E:E, Movimientos!D:D, A3, Movimientos!C:C, "Egreso", Movimientos!F:F, "G710")+SUMIFS(Movimientos!E:E, Movimientos!D:D, A3, Movimientos!C:C, "Ajuste", Movimientos!F:F, "G710")),"") -> 0 | H3: =IFERROR(IF(A3="","",SUMIFS(Movimientos!E:E, Movimientos!D:D, A3, Movimientos!C:C, "Ingreso", Movimientos!G:G, "G5000")+SUMIFS(Movimientos!E:E, Movimientos!D:D, A3, Movimientos!C:C, "Traslado", Movimientos!G:G, "G5000")-SUMIFS(Movimientos!E:E, Movimientos!D:D, A3, Movimientos!C:C, "Traslado", Movimientos!F:F, "G5000")-SUMIFS(Movimientos!E:E, Movimientos!D:D, A3, Movimientos!C:C, "Egreso", Movimientos!F:F, "G5000")+SUMIFS(Movimientos!E:E, Movimientos!D:D, A3, Movimientos!C:C, "Ajuste", Movimientos!F:F, "G5000")),"") -> 0 | I3: =IFERROR(IF(A3="","",SUMIFS(Movimientos!E:E, Movimientos!D:D, A3, Movimientos!C:C, "Ingreso", Movimientos!G:G, "G3")+SUMIFS(Movimientos!E:E, Movimientos!D:D, A3, Movimientos!C:C, "Traslado", Movimientos!G:G, "G3")-SUMIFS(Movimientos!E:E, Movimientos!D:D, A3, Movimientos!C:C, "Traslado", Movimientos!F:F, "G3")-SUMIFS(Movimientos!E:E, Movimientos!D:D, A3, Movimientos!C:C, "Egreso", Movimientos!F:F, "G3")+SUMIFS(Movimientos!E:E, Movimientos!D:D, A3, Movimientos!C:C, "Ajuste", Movimientos!F:F, "G3")),"") -> 0 | J3: =IFERROR(IF(A3="","",SUM(E3:I3)),"") -> 0 | K3: =IFERROR(IF(A3="","",SUMIFS(Movimientos!E:E, Movimientos!D:D, A3, Movimientos!C:C, "Reserva")-SUMIFS(Movimientos!E:E, Movimientos!D:D, A3, Movimientos!C:C, "Libera_Reserva")),"") -> 0 | L3: =IFERROR(IF(A3="","",J3-K3),"") -> 0 | M3: =IFERROR(IF(Productos!A3="","",Productos!G3),"") -> 2 | N3: =IFERROR(IF(A3="","",IF(L3<M3,"BAJO STOCK","OK")),"") -> BAJO STOCK
A4: =IFERROR(IF(Productos!A4="","",Productos!A4),"") | B4: =IFERROR(IF(Productos!A4="","",Productos!B4),"") | C4: =IFERROR(IF(Productos!A4="","",Productos!C4),"") | D4: =IFERROR(IF(Productos!A4="","",Productos!E4),"") | E4: =IFERROR(IF(A4="","",SUMIFS(Movimientos!E:E, Movimientos!D:D, A4, Movimientos!C:C, "Ingreso", Movimientos!G:G, "TIN")+SUMIFS(Movimientos!E:E, Movimientos!D:D, A4, Movimientos!C:C, "Traslado", Movimientos!G:G, "TIN")-SUMIFS(Movimientos!E:E, Movimientos!D:D, A4, Movimientos!C:C, "Traslado", Movimientos!F:F, "TIN")-SUMIFS(Movimientos!E:E, Movimientos!D:D, A4, Movimientos!C:C, "Egreso", Movimientos!F:F, "TIN")+SUMIFS(Movimientos!E:E, Movimientos!D:D, A4, Movimientos!C:C, "Ajuste", Movimientos!F:F, "TIN")),"") | F4: =IFERROR(IF(A4="","",SUMIFS(Movimientos!E:E, Movimientos!D:D, A4, Movimientos!C:C, "Ingreso", Movimientos!G:G, "G1000")+SUMIFS(Movimientos!E:E, Movimientos!D:D, A4, Movimientos!C:C, "Traslado", Movimientos!G:G, "G1000")-SUMIFS(Movimientos!E:E, Movimientos!D:D, A4, Movimientos!C:C, "Traslado", Movimientos!F:F, "G1000")-SUMIFS(Movimientos!E:E, Movimientos!D:D, A4, Movimientos!C:C, "Egreso", Movimientos!F:F, "G1000")+SUMIFS(Movimientos!E:E, Movimientos!D:D, A4, Movimientos!C:C, "Ajuste", Movimientos!F:F, "G1000")),"") | G4: =IFERROR(IF(A4="","",SUMIFS(Movimientos!E:E, Movimientos!D:D, A4, Movimientos!C:C, "Ingreso", Movimientos!G:G, "G710")+SUMIFS(Movimientos!E:E, Movimientos!D:D, A4, Movimientos!C:C, "Traslado", Movimientos!G:G, "G710")-SUMIFS(Movimientos!E:E, Movimientos!D:D, A4, Movimientos!C:C, "Traslado", Movimientos!F:F, "G710")-SUMIFS(Movimientos!E:E, Movimientos!D:D, A4, Movimientos!C:C, "Egreso", Movimientos!F:F, "G710")+SUMIFS(Movimientos!E:E, Movimientos!D:D, A4, Movimientos!C:C, "Ajuste", Movimientos!F:F, "G710")),"") | H4: =IFERROR(IF(A4="","",SUMIFS(Movimientos!E:E, Movimientos!D:D, A4, Movimientos!C:C, "Ingreso", Movimientos!G:G, "G5000")+SUMIFS(Movimientos!E:E, Movimientos!D:D, A4, Movimientos!C:C, "Traslado", Movimientos!G:G, "G5000")-SUMIFS(Movimientos!E:E, Movimientos!D:D, A4, Movimientos!C:C, "Traslado", Movimientos!F:F, "G5000")-SUMIFS(Movimientos!E:E, Movimientos!D:D, A4, Movimientos!C:C, "Egreso", Movimientos!F:F, "G5000")+SUMIFS(Movimientos!E:E, Movimientos!D:D, A4, Movimientos!C:C, "Ajuste", Movimientos!F:F, "G5000")),"") | I4: =IFERROR(IF(A4="","",SUMIFS(Movimientos!E:E, Movimientos!D:D, A4, Movimientos!C:C, "Ingreso", Movimientos!G:G, "G3")+SUMIFS(Movimientos!E:E, Movimientos!D:D, A4, Movimientos!C:C, "Traslado", Movimientos!G:G, "G3")-SUMIFS(Movimientos!E:E, Movimientos!D:D, A4, Movimientos!C:C, "Traslado", Movimientos!F:F, "G3")-SUMIFS(Movimientos!E:E, Movimientos!D:D, A4, Movimientos!C:C, "Egreso", Movimientos!F:F, "G3")+SUMIFS(Movimientos!E:E, Movimientos!D:D, A4, Movimientos!C:C, "Ajuste", Movimientos!F:F, "G3")),"") | J4: =IFERROR(IF(A4="","",SUM(E4:I4)),"") | K4: =IFERROR(IF(A4="","",SUMIFS(Movimientos!E:E, Movimientos!D:D, A4, Movimientos!C:C, "Reserva")-SUMIFS(Movimientos!E:E, Movimientos!D:D, A4, Movimientos!C:C, "Libera_Reserva")),"") | L4: =IFERROR(IF(A4="","",J4-K4),"") | M4: =IFERROR(IF(Productos!A4="","",Productos!G4),"") | N4: =IFERROR(IF(A4="","",IF(L4<M4,"BAJO STOCK","OK")),"")
A5: =IFERROR(IF(Productos!A5="","",Productos!A5),"") | B5: =IFERROR(IF(Productos!A5="","",Productos!B5),"") | C5: =IFERROR(IF(Productos!A5="","",Productos!C5),"") | D5: =IFERROR(IF(Productos!A5="","",Productos!E5),"") | E5: =IFERROR(IF(A5="","",SUMIFS(Movimientos!E:E, Movimientos!D:D, A5, Movimientos!C:C, "Ingreso", Movimientos!G:G, "TIN")+SUMIFS(Movimientos!E:E, Movimientos!D:D, A5, Movimientos!C:C, "Traslado", Movimientos!G:G, "TIN")-SUMIFS(Movimientos!E:E, Movimientos!D:D, A5, Movimientos!C:C, "Traslado", Movimientos!F:F, "TIN")-SUMIFS(Movimientos!E:E, Movimientos!D:D, A5, Movimientos!C:C, "Egreso", Movimientos!F:F, "TIN")+SUMIFS(Movimientos!E:E, Movimientos!D:D, A5, Movimientos!C:C, "Ajuste", Movimientos!F:F, "TIN")),"") | F5: =IFERROR(IF(A5="","",SUMIFS(Movimientos!E:E, Movimientos!D:D, A5, Movimientos!C:C, "Ingreso", Movimientos!G:G, "G1000")+SUMIFS(Movimientos!E:E, Movimientos!D:D, A5, Movimientos!C:C, "Traslado", Movimientos!G:G, "G1000")-SUMIFS(Movimientos!E:E, Movimientos!D:D, A5, Movimientos!C:C, "Traslado", Movimientos!F:F, "G1000")-SUMIFS(Movimientos!E:E, Movimientos!D:D, A5, Movimientos!C:C, "Egreso", Movimientos!F:F, "G1000")+SUMIFS(Movimientos!E:E, Movimientos!D:D, A5, Movimientos!C:C, "Ajuste", Movimientos!F:F, "G1000")),"") | G5: =IFERROR(IF(A5="","",SUMIFS(Movimientos!E:E, Movimientos!D:D, A5, Movimientos!C:C, "Ingreso", Movimientos!G:G, "G710")+SUMIFS(Movimientos!E:E, Movimientos!D:D, A5, Movimientos!C:C, "Traslado", Movimientos!G:G, "G710")-SUMIFS(Movimientos!E:E, Movimientos!D:D, A5, Movimientos!C:C, "Traslado", Movimientos!F:F, "G710")-SUMIFS(Movimientos!E:E, Movimientos!D:D, A5, Movimientos!C:C, "Egreso", Movimientos!F:F, "G710")+SUMIFS(Movimientos!E:E, Movimientos!D:D, A5, Movimientos!C:C, "Ajuste", Movimientos!F:F, "G710")),"") | H5: =IFERROR(IF(A5="","",SUMIFS(Movimientos!E:E, Movimientos!D:D, A5, Movimientos!C:C, "Ingreso", Movimientos!G:G, "G5000")+SUMIFS(Movimientos!E:E, Movimientos!D:D, A5, Movimientos!C:C, "Traslado", Movimientos!G:G, "G5000")-SUMIFS(Movimientos!E:E, Movimientos!D:D, A5, Movimientos!C:C, "Traslado", Movimientos!F:F, "G5000")-SUMIFS(Movimientos!E:E, Movimientos!D:D, A5, Movimientos!C:C, "Egreso", Movimientos!F:F, "G5000")+SUMIFS(Movimientos!E:E, Movimientos!D:D, A5, Movimientos!C:C, "Ajuste", Movimientos!F:F, "G5000")),"") | I5: =IFERROR(IF(A5="","",SUMIFS(Movimientos!E:E, Movimientos!D:D, A5, Movimientos!C:C, "Ingreso", Movimientos!G:G, "G3")+SUMIFS(Movimientos!E:E, Movimientos!D:D, A5, Movimientos!C:C, "Traslado", Movimientos!G:G, "G3")-SUMIFS(Movimientos!E:E, Movimientos!D:D, A5, Movimientos!C:C, "Traslado", Movimientos!F:F, "G3")-SUMIFS(Movimientos!E:E, Movimientos!D:D, A5, Movimientos!C:C, "Egreso", Movimientos!F:F, "G3")+SUMIFS(Movimientos!E:E, Movimientos!D:D, A5, Movimientos!C:C, "Ajuste", Movimientos!F:F, "G3")),"") | J5: =IFERROR(IF(A5="","",SUM(E5:I5)),"") | K5: =IFERROR(IF(A5="","",SUMIFS(Movimientos!E:E, Movimientos!D:D, A5, Movimientos!C:C, "Reserva")-SUMIFS(Movimientos!E:E, Movimientos!D:D, A5, Movimientos!C:C, "Libera_Reserva")),"") | L5: =IFERROR(IF(A5="","",J5-K5),"") | M5: =IFERROR(IF(Productos!A5="","",Productos!G5),"") | N5: =IFERROR(IF(A5="","",IF(L5<M5,"BAJO STOCK","OK")),"")
A6: =IFERROR(IF(Productos!A6="","",Productos!A6),"") | B6: =IFERROR(IF(Productos!A6="","",Productos!B6),"") | C6: =IFERROR(IF(Productos!A6="","",Productos!C6),"") | D6: =IFERROR(IF(Productos!A6="","",Productos!E6),"") | E6: =IFERROR(IF(A6="","",SUMIFS(Movimientos!E:E, Movimientos!D:D, A6, Movimientos!C:C, "Ingreso", Movimientos!G:G, "TIN")+SUMIFS(Movimientos!E:E, Movimientos!D:D, A6, Movimientos!C:C, "Traslado", Movimientos!G:G, "TIN")-SUMIFS(Movimientos!E:E, Movimientos!D:D, A6, Movimientos!C:C, "Traslado", Movimientos!F:F, "TIN")-SUMIFS(Movimientos!E:E, Movimientos!D:D, A6, Movimientos!C:C, "Egreso", Movimientos!F:F, "TIN")+SUMIFS(Movimientos!E:E, Movimientos!D:D, A6, Movimientos!C:C, "Ajuste", Movimientos!F:F, "TIN")),"") | F6: =IFERROR(IF(A6="","",SUMIFS(Movimientos!E:E, Movimientos!D:D, A6, Movimientos!C:C, "Ingreso", Movimientos!G:G, "G1000")+SUMIFS(Movimientos!E:E, Movimientos!D:D, A6, Movimientos!C:C, "Traslado", Movimientos!G:G, "G1000")-SUMIFS(Movimientos!E:E, Movimientos!D:D, A6, Movimientos!C:C, "Traslado", Movimientos!F:F, "G1000")-SUMIFS(Movimientos!E:E, Movimientos!D:D, A6, Movimientos!C:C, "Egreso", Movimientos!F:F, "G1000")+SUMIFS(Movimientos!E:E, Movimientos!D:D, A6, Movimientos!C:C, "Ajuste", Movimientos!F:F, "G1000")),"") | G6: =IFERROR(IF(A6="","",SUMIFS(Movimientos!E:E, Movimientos!D:D, A6, Movimientos!C:C, "Ingreso", Movimientos!G:G, "G710")+SUMIFS(Movimientos!E:E, Movimientos!D:D, A6, Movimientos!C:C, "Traslado", Movimientos!G:G, "G710")-SUMIFS(Movimientos!E:E, Movimientos!D:D, A6, Movimientos!C:C, "Traslado", Movimientos!F:F, "G710")-SUMIFS(Movimientos!E:E, Movimientos!D:D, A6, Movimientos!C:C, "Egreso", Movimientos!F:F, "G710")+SUMIFS(Movimientos!E:E, Movimientos!D:D, A6, Movimientos!C:C, "Ajuste", Movimientos!F:F, "G710")),"") | H6: =IFERROR(IF(A6="","",SUMIFS(Movimientos!E:E, Movimientos!D:D, A6, Movimientos!C:C, "Ingreso", Movimientos!G:G, "G5000")+SUMIFS(Movimientos!E:E, Movimientos!D:D, A6, Movimientos!C:C, "Traslado", Movimientos!G:G, "G5000")-SUMIFS(Movimientos!E:E, Movimientos!D:D, A6, Movimientos!C:C, "Traslado", Movimientos!F:F, "G5000")-SUMIFS(Movimientos!E:E, Movimientos!D:D, A6, Movimientos!C:C, "Egreso", Movimientos!F:F, "G5000")+SUMIFS(Movimientos!E:E, Movimientos!D:D, A6, Movimientos!C:C, "Ajuste", Movimientos!F:F, "G5000")),"") | I6: =IFERROR(IF(A6="","",SUMIFS(Movimientos!E:E, Movimientos!D:D, A6, Movimientos!C:C, "Ingreso", Movimientos!G:G, "G3")+SUMIFS(Movimientos!E:E, Movimientos!D:D, A6, Movimientos!C:C, "Traslado", Movimientos!G:G, "G3")-SUMIFS(Movimientos!E:E, Movimientos!D:D, A6, Movimientos!C:C, "Traslado", Movimientos!F:F, "G3")-SUMIFS(Movimientos!E:E, Movimientos!D:D, A6, Movimientos!C:C, "Egreso", Movimientos!F:F, "G3")+SUMIFS(Movimientos!E:E, Movimientos!D:D, A6, Movimientos!C:C, "Ajuste", Movimientos!F:F, "G3")),"") | J6: =IFERROR(IF(A6="","",SUM(E6:I6)),"") | K6: =IFERROR(IF(A6="","",SUMIFS(Movimientos!E:E, Movimientos!D:D, A6, Movimientos!C:C, "Reserva")-SUMIFS(Movimientos!E:E, Movimientos!D:D, A6, Movimientos!C:C, "Libera_Reserva")),"") | L6: =IFERROR(IF(A6="","",J6-K6),"") | M6: =IFERROR(IF(Productos!A6="","",Productos!G6),"") | N6: =IFERROR(IF(A6="","",IF(L6<M6,"BAJO STOCK","OK")),"")
A7: =IFERROR(IF(Productos!A7="","",Productos!A7),"") | B7: =IFERROR(IF(Productos!A7="","",Productos!B7),"") | C7: =IFERROR(IF(Productos!A7="","",Productos!C7),"") | D7: =IFERROR(IF(Productos!A7="","",Productos!E7),"") | E7: =IFERROR(IF(A7="","",SUMIFS(Movimientos!E:E, Movimientos!D:D, A7, Movimientos!C:C, "Ingreso", Movimientos!G:G, "TIN")+SUMIFS(Movimientos!E:E, Movimientos!D:D, A7, Movimientos!C:C, "Traslado", Movimientos!G:G, "TIN")-SUMIFS(Movimientos!E:E, Movimientos!D:D, A7, Movimientos!C:C, "Traslado", Movimientos!F:F, "TIN")-SUMIFS(Movimientos!E:E, Movimientos!D:D, A7, Movimientos!C:C, "Egreso", Movimientos!F:F, "TIN")+SUMIFS(Movimientos!E:E, Movimientos!D:D, A7, Movimientos!C:C, "Ajuste", Movimientos!F:F, "TIN")),"") | F7: =IFERROR(IF(A7="","",SUMIFS(Movimientos!E:E, Movimientos!D:D, A7, Movimientos!C:C, "Ingreso", Movimientos!G:G, "G1000")+SUMIFS(Movimientos!E:E, Movimientos!D:D, A7, Movimientos!C:C, "Traslado", Movimientos!G:G, "G1000")-SUMIFS(Movimientos!E:E, Movimientos!D:D, A7, Movimientos!C:C, "Traslado", Movimientos!F:F, "G1000")-SUMIFS(Movimientos!E:E, Movimientos!D:D, A7, Movimientos!C:C, "Egreso", Movimientos!F:F, "G1000")+SUMIFS(Movimientos!E:E, Movimientos!D:D, A7, Movimientos!C:C, "Ajuste", Movimientos!F:F, "G1000")),"") | G7: =IFERROR(IF(A7="","",SUMIFS(Movimientos!E:E, Movimientos!D:D, A7, Movimientos!C:C, "Ingreso", Movimientos!G:G, "G710")+SUMIFS(Movimientos!E:E, Movimientos!D:D, A7, Movimientos!C:C, "Traslado", Movimientos!G:G, "G710")-SUMIFS(Movimientos!E:E, Movimientos!D:D, A7, Movimientos!C:C, "Traslado", Movimientos!F:F, "G710")-SUMIFS(Movimientos!E:E, Movimientos!D:D, A7, Movimientos!C:C, "Egreso", Movimientos!F:F, "G710")+SUMIFS(Movimientos!E:E, Movimientos!D:D, A7, Movimientos!C:C, "Ajuste", Movimientos!F:F, "G710")),"") | H7: =IFERROR(IF(A7="","",SUMIFS(Movimientos!E:E, Movimientos!D:D, A7, Movimientos!C:C, "Ingreso", Movimientos!G:G, "G5000")+SUMIFS(Movimientos!E:E, Movimientos!D:D, A7, Movimientos!C:C, "Traslado", Movimientos!G:G, "G5000")-SUMIFS(Movimientos!E:E, Movimientos!D:D, A7, Movimientos!C:C, "Traslado", Movimientos!F:F, "G5000")-SUMIFS(Movimientos!E:E, Movimientos!D:D, A7, Movimientos!C:C, "Egreso", Movimientos!F:F, "G5000")+SUMIFS(Movimientos!E:E, Movimientos!D:D, A7, Movimientos!C:C, "Ajuste", Movimientos!F:F, "G5000")),"") | I7: =IFERROR(IF(A7="","",SUMIFS(Movimientos!E:E, Movimientos!D:D, A7, Movimientos!C:C, "Ingreso", Movimientos!G:G, "G3")+SUMIFS(Movimientos!E:E, Movimientos!D:D, A7, Movimientos!C:C, "Traslado", Movimientos!G:G, "G3")-SUMIFS(Movimientos!E:E, Movimientos!D:D, A7, Movimientos!C:C, "Traslado", Movimientos!F:F, "G3")-SUMIFS(Movimientos!E:E, Movimientos!D:D, A7, Movimientos!C:C, "Egreso", Movimientos!F:F, "G3")+SUMIFS(Movimientos!E:E, Movimientos!D:D, A7, Movimientos!C:C, "Ajuste", Movimientos!F:F, "G3")),"") | J7: =IFERROR(IF(A7="","",SUM(E7:I7)),"") | K7: =IFERROR(IF(A7="","",SUMIFS(Movimientos!E:E, Movimientos!D:D, A7, Movimientos!C:C, "Reserva")-SUMIFS(Movimientos!E:E, Movimientos!D:D, A7, Movimientos!C:C, "Libera_Reserva")),"") | L7: =IFERROR(IF(A7="","",J7-K7),"") | M7: =IFERROR(IF(Productos!A7="","",Productos!G7),"") | N7: =IFERROR(IF(A7="","",IF(L7<M7,"BAJO STOCK","OK")),"")
A8: =IFERROR(IF(Productos!A8="","",Productos!A8),"") | B8: =IFERROR(IF(Productos!A8="","",Productos!B8),"") | C8: =IFERROR(IF(Productos!A8="","",Productos!C8),"") | D8: =IFERROR(IF(Productos!A8="","",Productos!E8),"") | E8: =IFERROR(IF(A8="","",SUMIFS(Movimientos!E:E, Movimientos!D:D, A8, Movimientos!C:C, "Ingreso", Movimientos!G:G, "TIN")+SUMIFS(Movimientos!E:E, Movimientos!D:D, A8, Movimientos!C:C, "Traslado", Movimientos!G:G, "TIN")-SUMIFS(Movimientos!E:E, Movimientos!D:D, A8, Movimientos!C:C, "Traslado", Movimientos!F:F, "TIN")-SUMIFS(Movimientos!E:E, Movimientos!D:D, A8, Movimientos!C:C, "Egreso", Movimientos!F:F, "TIN")+SUMIFS(Movimientos!E:E, Movimientos!D:D, A8, Movimientos!C:C, "Ajuste", Movimientos!F:F, "TIN")),"") | F8: =IFERROR(IF(A8="","",SUMIFS(Movimientos!E:E, Movimientos!D:D, A8, Movimientos!C:C, "Ingreso", Movimientos!G:G, "G1000")+SUMIFS(Movimientos!E:E, Movimientos!D:D, A8, Movimientos!C:C, "Traslado", Movimientos!G:G, "G1000")-SUMIFS(Movimientos!E:E, Movimientos!D:D, A8, Movimientos!C:C, "Traslado", Movimientos!F:F, "G1000")-SUMIFS(Movimientos!E:E, Movimientos!D:D, A8, Movimientos!C:C, "Egreso", Movimientos!F:F, "G1000")+SUMIFS(Movimientos!E:E, Movimientos!D:D, A8, Movimientos!C:C, "Ajuste", Movimientos!F:F, "G1000")),"") | G8: =IFERROR(IF(A8="","",SUMIFS(Movimientos!E:E, Movimientos!D:D, A8, Movimientos!C:C, "Ingreso", Movimientos!G:G, "G710")+SUMIFS(Movimientos!E:E, Movimientos!D:D, A8, Movimientos!C:C, "Traslado", Movimientos!G:G, "G710")-SUMIFS(Movimientos!E:E, Movimientos!D:D, A8, Movimientos!C:C, "Traslado", Movimientos!F:F, "G710")-SUMIFS(Movimientos!E:E, Movimientos!D:D, A8, Movimientos!C:C, "Egreso", Movimientos!F:F, "G710")+SUMIFS(Movimientos!E:E, Movimientos!D:D, A8, Movimientos!C:C, "Ajuste", Movimientos!F:F, "G710")),"") | H8: =IFERROR(IF(A8="","",SUMIFS(Movimientos!E:E, Movimientos!D:D, A8, Movimientos!C:C, "Ingreso", Movimientos!G:G, "G5000")+SUMIFS(Movimientos!E:E, Movimientos!D:D, A8, Movimientos!C:C, "Traslado", Movimientos!G:G, "G5000")-SUMIFS(Movimientos!E:E, Movimientos!D:D, A8, Movimientos!C:C, "Traslado", Movimientos!F:F, "G5000")-SUMIFS(Movimientos!E:E, Movimientos!D:D, A8, Movimientos!C:C, "Egreso", Movimientos!F:F, "G5000")+SUMIFS(Movimientos!E:E, Movimientos!D:D, A8, Movimientos!C:C, "Ajuste", Movimientos!F:F, "G5000")),"") | I8: =IFERROR(IF(A8="","",SUMIFS(Movimientos!E:E, Movimientos!D:D, A8, Movimientos!C:C, "Ingreso", Movimientos!G:G, "G3")+SUMIFS(Movimientos!E:E, Movimientos!D:D, A8, Movimientos!C:C, "Traslado", Movimientos!G:G, "G3")-SUMIFS(Movimientos!E:E, Movimientos!D:D, A8, Movimientos!C:C, "Traslado", Movimientos!F:F, "G3")-SUMIFS(Movimientos!E:E, Movimientos!D:D, A8, Movimientos!C:C, "Egreso", Movimientos!F:F, "G3")+SUMIFS(Movimientos!E:E, Movimientos!D:D, A8, Movimientos!C:C, "Ajuste", Movimientos!F:F, "G3")),"") | J8: =IFERROR(IF(A8="","",SUM(E8:I8)),"") | K8: =IFERROR(IF(A8="","",SUMIFS(Movimientos!E:E, Movimientos!D:D, A8, Movimientos!C:C, "Reserva")-SUMIFS(Movimientos!E:E, Movimientos!D:D, A8, Movimientos!C:C, "Libera_Reserva")),"") | L8: =IFERROR(IF(A8="","",J8-K8),"") | M8: =IFERROR(IF(Productos!A8="","",Productos!G8),"") | N8: =IFERROR(IF(A8="","",IF(L8<M8,"BAJO STOCK","OK")),"")
A9: =IFERROR(IF(Productos!A9="","",Productos!A9),"") | B9: =IFERROR(IF(Productos!A9="","",Productos!B9),"") | C9: =IFERROR(IF(Productos!A9="","",Productos!C9),"") | D9: =IFERROR(IF(Productos!A9="","",Productos!E9),"") | E9: =IFERROR(IF(A9="","",SUMIFS(Movimientos!E:E, Movimientos!D:D, A9, Movimientos!C:C, "Ingreso", Movimientos!G:G, "TIN")+SUMIFS(Movimientos!E:E, Movimientos!D:D, A9, Movimientos!C:C, "Traslado", Movimientos!G:G, "TIN")-SUMIFS(Movimientos!E:E, Movimientos!D:D, A9, Movimientos!C:C, "Traslado", Movimientos!F:F, "TIN")-SUMIFS(Movimientos!E:E, Movimientos!D:D, A9, Movimientos!C:C, "Egreso", Movimientos!F:F, "TIN")+SUMIFS(Movimientos!E:E, Movimientos!D:D, A9, Movimientos!C:C, "Ajuste", Movimientos!F:F, "TIN")),"") | F9: =IFERROR(IF(A9="","",SUMIFS(Movimientos!E:E, Movimientos!D:D, A9, Movimientos!C:C, "Ingreso", Movimientos!G:G, "G1000")+SUMIFS(Movimientos!E:E, Movimientos!D:D, A9, Movimientos!C:C, "Traslado", Movimientos!G:G, "G1000")-SUMIFS(Movimientos!E:E, Movimientos!D:D, A9, Movimientos!C:C, "Traslado", Movimientos!F:F, "G1000")-SUMIFS(Movimientos!E:E, Movimientos!D:D, A9, Movimientos!C:C, "Egreso", Movimientos!F:F, "G1000")+SUMIFS(Movimientos!E:E, Movimientos!D:D, A9, Movimientos!C:C, "Ajuste", Movimientos!F:F, "G1000")),"") | G9: =IFERROR(IF(A9="","",SUMIFS(Movimientos!E:E, Movimientos!D:D, A9, Movimientos!C:C, "Ingreso", Movimientos!G:G, "G710")+SUMIFS(Movimientos!E:E, Movimientos!D:D, A9, Movimientos!C:C, "Traslado", Movimientos!G:G, "G710")-SUMIFS(Movimientos!E:E, Movimientos!D:D, A9, Movimientos!C:C, "Traslado", Movimientos!F:F, "G710")-SUMIFS(Movimientos!E:E, Movimientos!D:D, A9, Movimientos!C:C, "Egreso", Movimientos!F:F, "G710")+SUMIFS(Movimientos!E:E, Movimientos!D:D, A9, Movimientos!C:C, "Ajuste", Movimientos!F:F, "G710")),"") | H9: =IFERROR(IF(A9="","",SUMIFS(Movimientos!E:E, Movimientos!D:D, A9, Movimientos!C:C, "Ingreso", Movimientos!G:G, "G5000")+SUMIFS(Movimientos!E:E, Movimientos!D:D, A9, Movimientos!C:C, "Traslado", Movimientos!G:G, "G5000")-SUMIFS(Movimientos!E:E, Movimientos!D:D, A9, Movimientos!C:C, "Traslado", Movimientos!F:F, "G5000")-SUMIFS(Movimientos!E:E, Movimientos!D:D, A9, Movimientos!C:C, "Egreso", Movimientos!F:F, "G5000")+SUMIFS(Movimientos!E:E, Movimientos!D:D, A9, Movimientos!C:C, "Ajuste", Movimientos!F:F, "G5000")),"") | I9: =IFERROR(IF(A9="","",SUMIFS(Movimientos!E:E, Movimientos!D:D, A9, Movimientos!C:C, "Ingreso", Movimientos!G:G, "G3")+SUMIFS(Movimientos!E:E, Movimientos!D:D, A9, Movimientos!C:C, "Traslado", Movimientos!G:G, "G3")-SUMIFS(Movimientos!E:E, Movimientos!D:D, A9, Movimientos!C:C, "Traslado", Movimientos!F:F, "G3")-SUMIFS(Movimientos!E:E, Movimientos!D:D, A9, Movimientos!C:C, "Egreso", Movimientos!F:F, "G3")+SUMIFS(Movimientos!E:E, Movimientos!D:D, A9, Movimientos!C:C, "Ajuste", Movimientos!F:F, "G3")),"") | J9: =IFERROR(IF(A9="","",SUM(E9:I9)),"") | K9: =IFERROR(IF(A9="","",SUMIFS(Movimientos!E:E, Movimientos!D:D, A9, Movimientos!C:C, "Reserva")-SUMIFS(Movimientos!E:E, Movimientos!D:D, A9, Movimientos!C:C, "Libera_Reserva")),"") | L9: =IFERROR(IF(A9="","",J9-K9),"") | M9: =IFERROR(IF(Productos!A9="","",Productos!G9),"") | N9: =IFERROR(IF(A9="","",IF(L9<M9,"BAJO STOCK","OK")),"")
A10: =IFERROR(IF(Productos!A10="","",Productos!A10),"") | B10: =IFERROR(IF(Productos!A10="","",Productos!B10),"") | C10: =IFERROR(IF(Productos!A10="","",Productos!C10),"") | D10: =IFERROR(IF(Productos!A10="","",Productos!E10),"") | E10: =IFERROR(IF(A10="","",SUMIFS(Movimientos!E:E, Movimientos!D:D, A10, Movimientos!C:C, "Ingreso", Movimientos!G:G, "TIN")+SUMIFS(Movimientos!E:E, Movimientos!D:D, A10, Movimientos!C:C, "Traslado", Movimientos!G:G, "TIN")-SUMIFS(Movimientos!E:E, Movimientos!D:D, A10, Movimientos!C:C, "Traslado", Movimientos!F:F, "TIN")-SUMIFS(Movimientos!E:E, Movimientos!D:D, A10, Movimientos!C:C, "Egreso", Movimientos!F:F, "TIN")+SUMIFS(Movimientos!E:E, Movimientos!D:D, A10, Movimientos!C:C, "Ajuste", Movimientos!F:F, "TIN")),"") | F10: =IFERROR(IF(A10="","",SUMIFS(Movimientos!E:E, Movimientos!D:D, A10, Movimientos!C:C, "Ingreso", Movimientos!G:G, "G1000")+SUMIFS(Movimientos!E:E, Movimientos!D:D, A10, Movimientos!C:C, "Traslado", Movimientos!G:G, "G1000")-SUMIFS(Movimientos!E:E, Movimientos!D:D, A10, Movimientos!C:C, "Traslado", Movimientos!F:F, "G1000")-SUMIFS(Movimientos!E:E, Movimientos!D:D, A10, Movimientos!C:C, "Egreso", Movimientos!F:F, "G1000")+SUMIFS(Movimientos!E:E, Movimientos!D:D, A10, Movimientos!C:C, "Ajuste", Movimientos!F:F, "G1000")),"") | G10: =IFERROR(IF(A10="","",SUMIFS(Movimientos!E:E, Movimientos!D:D, A10, Movimientos!C:C, "Ingreso", Movimientos!G:G, "G710")+SUMIFS(Movimientos!E:E, Movimientos!D:D, A10, Movimientos!C:C, "Traslado", Movimientos!G:G, "G710")-SUMIFS(Movimientos!E:E, Movimientos!D:D, A10, Movimientos!C:C, "Traslado", Movimientos!F:F, "G710")-SUMIFS(Movimientos!E:E, Movimientos!D:D, A10, Movimientos!C:C, "Egreso", Movimientos!F:F, "G710")+SUMIFS(Movimientos!E:E, Movimientos!D:D, A10, Movimientos!C:C, "Ajuste", Movimientos!F:F, "G710")),"") | H10: =IFERROR(IF(A10="","",SUMIFS(Movimientos!E:E, Movimientos!D:D, A10, Movimientos!C:C, "Ingreso", Movimientos!G:G, "G5000")+SUMIFS(Movimientos!E:E, Movimientos!D:D, A10, Movimientos!C:C, "Traslado", Movimientos!G:G, "G5000")-SUMIFS(Movimientos!E:E, Movimientos!D:D, A10, Movimientos!C:C, "Traslado", Movimientos!F:F, "G5000")-SUMIFS(Movimientos!E:E, Movimientos!D:D, A10, Movimientos!C:C, "Egreso", Movimientos!F:F, "G5000")+SUMIFS(Movimientos!E:E, Movimientos!D:D, A10, Movimientos!C:C, "Ajuste", Movimientos!F:F, "G5000")),"") | I10: =IFERROR(IF(A10="","",SUMIFS(Movimientos!E:E, Movimientos!D:D, A10, Movimientos!C:C, "Ingreso", Movimientos!G:G, "G3")+SUMIFS(Movimientos!E:E, Movimientos!D:D, A10, Movimientos!C:C, "Traslado", Movimientos!G:G, "G3")-SUMIFS(Movimientos!E:E, Movimientos!D:D, A10, Movimientos!C:C, "Traslado", Movimientos!F:F, "G3")-SUMIFS(Movimientos!E:E, Movimientos!D:D, A10, Movimientos!C:C, "Egreso", Movimientos!F:F, "G3")+SUMIFS(Movimientos!E:E, Movimientos!D:D, A10, Movimientos!C:C, "Ajuste", Movimientos!F:F, "G3")),"") | J10: =IFERROR(IF(A10="","",SUM(E10:I10)),"") | K10: =IFERROR(IF(A10="","",SUMIFS(Movimientos!E:E, Movimientos!D:D, A10, Movimientos!C:C, "Reserva")-SUMIFS(Movimientos!E:E, Movimientos!D:D, A10, Movimientos!C:C, "Libera_Reserva")),"") | L10: =IFERROR(IF(A10="","",J10-K10),"") | M10: =IFERROR(IF(Productos!A10="","",Productos!G10),"") | N10: =IFERROR(IF(A10="","",IF(L10<M10,"BAJO STOCK","OK")),"")
A11: =IFERROR(IF(Productos!A11="","",Productos!A11),"") | B11: =IFERROR(IF(Productos!A11="","",Productos!B11),"") | C11: =IFERROR(IF(Productos!A11="","",Productos!C11),"") | D11: =IFERROR(IF(Productos!A11="","",Productos!E11),"") | E11: =IFERROR(IF(A11="","",SUMIFS(Movimientos!E:E, Movimientos!D:D, A11, Movimientos!C:C, "Ingreso", Movimientos!G:G, "TIN")+SUMIFS(Movimientos!E:E, Movimientos!D:D, A11, Movimientos!C:C, "Traslado", Movimientos!G:G, "TIN")-SUMIFS(Movimientos!E:E, Movimientos!D:D, A11, Movimientos!C:C, "Traslado", Movimientos!F:F, "TIN")-SUMIFS(Movimientos!E:E, Movimientos!D:D, A11, Movimientos!C:C, "Egreso", Movimientos!F:F, "TIN")+SUMIFS(Movimientos!E:E, Movimientos!D:D, A11, Movimientos!C:C, "Ajuste", Movimientos!F:F, "TIN")),"") | F11: =IFERROR(IF(A11="","",SUMIFS(Movimientos!E:E, Movimientos!D:D, A11, Movimientos!C:C, "Ingreso", Movimientos!G:G, "G1000")+SUMIFS(Movimientos!E:E, Movimientos!D:D, A11, Movimientos!C:C, "Traslado", Movimientos!G:G, "G1000")-SUMIFS(Movimientos!E:E, Movimientos!D:D, A11, Movimientos!C:C, "Traslado", Movimientos!F:F, "G1000")-SUMIFS(Movimientos!E:E, Movimientos!D:D, A11, Movimientos!C:C, "Egreso", Movimientos!F:F, "G1000")+SUMIFS(Movimientos!E:E, Movimientos!D:D, A11, Movimientos!C:C, "Ajuste", Movimientos!F:F, "G1000")),"") | G11: =IFERROR(IF(A11="","",SUMIFS(Movimientos!E:E, Movimientos!D:D, A11, Movimientos!C:C, "Ingreso", Movimientos!G:G, "G710")+SUMIFS(Movimientos!E:E, Movimientos!D:D, A11, Movimientos!C:C, "Traslado", Movimientos!G:G, "G710")-SUMIFS(Movimientos!E:E, Movimientos!D:D, A11, Movimientos!C:C, "Traslado", Movimientos!F:F, "G710")-SUMIFS(Movimientos!E:E, Movimientos!D:D, A11, Movimientos!C:C, "Egreso", Movimientos!F:F, "G710")+SUMIFS(Movimientos!E:E, Movimientos!D:D, A11, Movimientos!C:C, "Ajuste", Movimientos!F:F, "G710")),"") | H11: =IFERROR(IF(A11="","",SUMIFS(Movimientos!E:E, Movimientos!D:D, A11, Movimientos!C:C, "Ingreso", Movimientos!G:G, "G5000")+SUMIFS(Movimientos!E:E, Movimientos!D:D, A11, Movimientos!C:C, "Traslado", Movimientos!G:G, "G5000")-SUMIFS(Movimientos!E:E, Movimientos!D:D, A11, Movimientos!C:C, "Traslado", Movimientos!F:F, "G5000")-SUMIFS(Movimientos!E:E, Movimientos!D:D, A11, Movimientos!C:C, "Egreso", Movimientos!F:F, "G5000")+SUMIFS(Movimientos!E:E, Movimientos!D:D, A11, Movimientos!C:C, "Ajuste", Movimientos!F:F, "G5000")),"") | I11: =IFERROR(IF(A11="","",SUMIFS(Movimientos!E:E, Movimientos!D:D, A11, Movimientos!C:C, "Ingreso", Movimientos!G:G, "G3")+SUMIFS(Movimientos!E:E, Movimientos!D:D, A11, Movimientos!C:C, "Traslado", Movimientos!G:G, "G3")-SUMIFS(Movimientos!E:E, Movimientos!D:D, A11, Movimientos!C:C, "Traslado", Movimientos!F:F, "G3")-SUMIFS(Movimientos!E:E, Movimientos!D:D, A11, Movimientos!C:C, "Egreso", Movimientos!F:F, "G3")+SUMIFS(Movimientos!E:E, Movimientos!D:D, A11, Movimientos!C:C, "Ajuste", Movimientos!F:F, "G3")),"") | J11: =IFERROR(IF(A11="","",SUM(E11:I11)),"") | K11: =IFERROR(IF(A11="","",SUMIFS(Movimientos!E:E, Movimientos!D:D, A11, Movimientos!C:C, "Reserva")-SUMIFS(Movimientos!E:E, Movimientos!D:D, A11, Movimientos!C:C, "Libera_Reserva")),"") | L11: =IFERROR(IF(A11="","",J11-K11),"") | M11: =IFERROR(IF(Productos!A11="","",Productos!G11),"") | N11: =IFERROR(IF(A11="","",IF(L11<M11,"BAJO STOCK","OK")),"")
A12: =IFERROR(IF(Productos!A12="","",Productos!A12),"") | B12: =IFERROR(IF(Productos!A12="","",Productos!B12),"") | C12: =IFERROR(IF(Productos!A12="","",Productos!C12),"") | D12: =IFERROR(IF(Productos!A12="","",Productos!E12),"") | E12: =IFERROR(IF(A12="","",SUMIFS(Movimientos!E:E, Movimientos!D:D, A12, Movimientos!C:C, "Ingreso", Movimientos!G:G, "TIN")+SUMIFS(Movimientos!E:E, Movimientos!D:D, A12, Movimientos!C:C, "Traslado", Movimientos!G:G, "TIN")-SUMIFS(Movimientos!E:E, Movimientos!D:D, A12, Movimientos!C:C, "Traslado", Movimientos!F:F, "TIN")-SUMIFS(Movimientos!E:E, Movimientos!D:D, A12, Movimientos!C:C, "Egreso", Movimientos!F:F, "TIN")+SUMIFS(Movimientos!E:E, Movimientos!D:D, A12, Movimientos!C:C, "Ajuste", Movimientos!F:F, "TIN")),"") | F12: =IFERROR(IF(A12="","",SUMIFS(Movimientos!E:E, Movimientos!D:D, A12, Movimientos!C:C, "Ingreso", Movimientos!G:G, "G1000")+SUMIFS(Movimientos!E:E, Movimientos!D:D, A12, Movimientos!C:C, "Traslado", Movimientos!G:G, "G1000")-SUMIFS(Movimientos!E:E, Movimientos!D:D, A12, Movimientos!C:C, "Traslado", Movimientos!F:F, "G1000")-SUMIFS(Movimientos!E:E, Movimientos!D:D, A12, Movimientos!C:C, "Egreso", Movimientos!F:F, "G1000")+SUMIFS(Movimientos!E:E, Movimientos!D:D, A12, Movimientos!C:C, "Ajuste", Movimientos!F:F, "G1000")),"") | G12: =IFERROR(IF(A12="","",SUMIFS(Movimientos!E:E, Movimientos!D:D, A12, Movimientos!C:C, "Ingreso", Movimientos!G:G, "G710")+SUMIFS(Movimientos!E:E, Movimientos!D:D, A12, Movimientos!C:C, "Traslado", Movimientos!G:G, "G710")-SUMIFS(Movimientos!E:E, Movimientos!D:D, A12, Movimientos!C:C, "Traslado", Movimientos!F:F, "G710")-SUMIFS(Movimientos!E:E, Movimientos!D:D, A12, Movimientos!C:C, "Egreso", Movimientos!F:F, "G710")+SUMIFS(Movimientos!E:E, Movimientos!D:D, A12, Movimientos!C:C, "Ajuste", Movimientos!F:F, "G710")),"") | H12: =IFERROR(IF(A12="","",SUMIFS(Movimientos!E:E, Movimientos!D:D, A12, Movimientos!C:C, "Ingreso", Movimientos!G:G, "G5000")+SUMIFS(Movimientos!E:E, Movimientos!D:D, A12, Movimientos!C:C, "Traslado", Movimientos!G:G, "G5000")-SUMIFS(Movimientos!E:E, Movimientos!D:D, A12, Movimientos!C:C, "Traslado", Movimientos!F:F, "G5000")-SUMIFS(Movimientos!E:E, Movimientos!D:D, A12, Movimientos!C:C, "Egreso", Movimientos!F:F, "G5000")+SUMIFS(Movimientos!E:E, Movimientos!D:D, A12, Movimientos!C:C, "Ajuste", Movimientos!F:F, "G5000")),"") | I12: =IFERROR(IF(A12="","",SUMIFS(Movimientos!E:E, Movimientos!D:D, A12, Movimientos!C:C, "Ingreso", Movimientos!G:G, "G3")+SUMIFS(Movimientos!E:E, Movimientos!D:D, A12, Movimientos!C:C, "Traslado", Movimientos!G:G, "G3")-SUMIFS(Movimientos!E:E, Movimientos!D:D, A12, Movimientos!C:C, "Traslado", Movimientos!F:F, "G3")-SUMIFS(Movimientos!E:E, Movimientos!D:D, A12, Movimientos!C:C, "Egreso", Movimientos!F:F, "G3")+SUMIFS(Movimientos!E:E, Movimientos!D:D, A12, Movimientos!C:C, "Ajuste", Movimientos!F:F, "G3")),"") | J12: =IFERROR(IF(A12="","",SUM(E12:I12)),"") | K12: =IFERROR(IF(A12="","",SUMIFS(Movimientos!E:E, Movimientos!D:D, A12, Movimientos!C:C, "Reserva")-SUMIFS(Movimientos!E:E, Movimientos!D:D, A12, Movimientos!C:C, "Libera_Reserva")),"") | L12: =IFERROR(IF(A12="","",J12-K12),"") | M12: =IFERROR(IF(Productos!A12="","",Productos!G12),"") | N12: =IFERROR(IF(A12="","",IF(L12<M12,"BAJO STOCK","OK")),"")
A13: =IFERROR(IF(Productos!A13="","",Productos!A13),"") | B13: =IFERROR(IF(Productos!A13="","",Productos!B13),"") | C13: =IFERROR(IF(Productos!A13="","",Productos!C13),"") | D13: =IFERROR(IF(Productos!A13="","",Productos!E13),"") | E13: =IFERROR(IF(A13="","",SUMIFS(Movimientos!E:E, Movimientos!D:D, A13, Movimientos!C:C, "Ingreso", Movimientos!G:G, "TIN")+SUMIFS(Movimientos!E:E, Movimientos!D:D, A13, Movimientos!C:C, "Traslado", Movimientos!G:G, "TIN")-SUMIFS(Movimientos!E:E, Movimientos!D:D, A13, Movimientos!C:C, "Traslado", Movimientos!F:F, "TIN")-SUMIFS(Movimientos!E:E, Movimientos!D:D, A13, Movimientos!C:C, "Egreso", Movimientos!F:F, "TIN")+SUMIFS(Movimientos!E:E, Movimientos!D:D, A13, Movimientos!C:C, "Ajuste", Movimientos!F:F, "TIN")),"") | F13: =IFERROR(IF(A13="","",SUMIFS(Movimientos!E:E, Movimientos!D:D, A13, Movimientos!C:C, "Ingreso", Movimientos!G:G, "G1000")+SUMIFS(Movimientos!E:E, Movimientos!D:D, A13, Movimientos!C:C, "Traslado", Movimientos!G:G, "G1000")-SUMIFS(Movimientos!E:E, Movimientos!D:D, A13, Movimientos!C:C, "Traslado", Movimientos!F:F, "G1000")-SUMIFS(Movimientos!E:E, Movimientos!D:D, A13, Movimientos!C:C, "Egreso", Movimientos!F:F, "G1000")+SUMIFS(Movimientos!E:E, Movimientos!D:D, A13, Movimientos!C:C, "Ajuste", Movimientos!F:F, "G1000")),"") | G13: =IFERROR(IF(A13="","",SUMIFS(Movimientos!E:E, Movimientos!D:D, A13, Movimientos!C:C, "Ingreso", Movimientos!G:G, "G710")+SUMIFS(Movimientos!E:E, Movimientos!D:D, A13, Movimientos!C:C, "Traslado", Movimientos!G:G, "G710")-SUMIFS(Movimientos!E:E, Movimientos!D:D, A13, Movimientos!C:C, "Traslado", Movimientos!F:F, "G710")-SUMIFS(Movimientos!E:E, Movimientos!D:D, A13, Movimientos!C:C, "Egreso", Movimientos!F:F, "G710")+SUMIFS(Movimientos!E:E, Movimientos!D:D, A13, Movimientos!C:C, "Ajuste", Movimientos!F:F, "G710")),"") | H13: =IFERROR(IF(A13="","",SUMIFS(Movimientos!E:E, Movimientos!D:D, A13, Movimientos!C:C, "Ingreso", Movimientos!G:G, "G5000")+SUMIFS(Movimientos!E:E, Movimientos!D:D, A13, Movimientos!C:C, "Traslado", Movimientos!G:G, "G5000")-SUMIFS(Movimientos!E:E, Movimientos!D:D, A13, Movimientos!C:C, "Traslado", Movimientos!F:F, "G5000")-SUMIFS(Movimientos!E:E, Movimientos!D:D, A13, Movimientos!C:C, "Egreso", Movimientos!F:F, "G5000")+SUMIFS(Movimientos!E:E, Movimientos!D:D, A13, Movimientos!C:C, "Ajuste", Movimientos!F:F, "G5000")),"") | I13: =IFERROR(IF(A13="","",SUMIFS(Movimientos!E:E, Movimientos!D:D, A13, Movimientos!C:C, "Ingreso", Movimientos!G:G, "G3")+SUMIFS(Movimientos!E:E, Movimientos!D:D, A13, Movimientos!C:C, "Traslado", Movimientos!G:G, "G3")-SUMIFS(Movimientos!E:E, Movimientos!D:D, A13, Movimientos!C:C, "Traslado", Movimientos!F:F, "G3")-SUMIFS(Movimientos!E:E, Movimientos!D:D, A13, Movimientos!C:C, "Egreso", Movimientos!F:F, "G3")+SUMIFS(Movimientos!E:E, Movimientos!D:D, A13, Movimientos!C:C, "Ajuste", Movimientos!F:F, "G3")),"") | J13: =IFERROR(IF(A13="","",SUM(E13:I13)),"") | K13: =IFERROR(IF(A13="","",SUMIFS(Movimientos!E:E, Movimientos!D:D, A13, Movimientos!C:C, "Reserva")-SUMIFS(Movimientos!E:E, Movimientos!D:D, A13, Movimientos!C:C, "Libera_Reserva")),"") | L13: =IFERROR(IF(A13="","",J13-K13),"") | M13: =IFERROR(IF(Productos!A13="","",Productos!G13),"") | N13: =IFERROR(IF(A13="","",IF(L13<M13,"BAJO STOCK","OK")),"")
... A501: =IFERROR(IF(Productos!A501="","",Productos!A501),"") | B501: =IFERROR(IF(Productos!A501="","",Productos!B501),"") | C501: =IFERROR(IF(Productos!A501="","",Productos!C501),"") | D501: =IFERROR(IF(Productos!A501="","",Productos!E501),"") | E501: =IFERROR(IF(A501="","",SUMIFS(Movimientos!E:E, Movimientos!D:D, A501, Movimientos!C:C, "Ingreso", Movimientos!G:G, "TIN")+SUMIFS(Movimientos!E:E, Movimientos!D:D, A501, Movimientos!C:C, "Traslado", Movimientos!G:G, "TIN")-SUMIFS(Movimientos!E:E, Movimientos!D:D, A501, Movimientos!C:C, "Traslado", Movimientos!F:F, "TIN")-SUMIFS(Movimientos!E:E, Movimientos!D:D, A501, Movimientos!C:C, "Egreso", Movimientos!F:F, "TIN")+SUMIFS(Movimientos!E:E, Movimientos!D:D, A501, Movimientos!C:C, "Ajuste", Movimientos!F:F, "TIN")),"") | F501: =IFERROR(IF(A501="","",SUMIFS(Movimientos!E:E, Movimientos!D:D, A501, Movimientos!C:C, "Ingreso", Movimientos!G:G, "G1000")+SUMIFS(Movimientos!E:E, Movimientos!D:D, A501, Movimientos!C:C, "Traslado", Movimientos!G:G, "G1000")-SUMIFS(Movimientos!E:E, Movimientos!D:D, A501, Movimientos!C:C, "Traslado", Movimientos!F:F, "G1000")-SUMIFS(Movimientos!E:E, Movimientos!D:D, A501, Movimientos!C:C, "Egreso", Movimientos!F:F, "G1000")+SUMIFS(Movimientos!E:E, Movimientos!D:D, A501, Movimientos!C:C, "Ajuste", Movimientos!F:F, "G1000")),"") | G501: =IFERROR(IF(A501="","",SUMIFS(Movimientos!E:E, Movimientos!D:D, A501, Movimientos!C:C, "Ingreso", Movimientos!G:G, "G710")+SUMIFS(Movimientos!E:E, Movimientos!D:D, A501, Movimientos!C:C, "Traslado", Movimientos!G:G, "G710")-SUMIFS(Movimientos!E:E, Movimientos!D:D, A501, Movimientos!C:C, "Traslado", Movimientos!F:F, "G710")-SUMIFS(Movimientos!E:E, Movimientos!D:D, A501, Movimientos!C:C, "Egreso", Movimientos!F:F, "G710")+SUMIFS(Movimientos!E:E, Movimientos!D:D, A501, Movimientos!C:C, "Ajuste", Movimientos!F:F, "G710")),"") | H501: =IFERROR(IF(A501="","",SUMIFS(Movimientos!E:E, Movimientos!D:D, A501, Movimientos!C:C, "Ingreso", Movimientos!G:G, "G5000")+SUMIFS(Movimientos!E:E, Movimientos!D:D, A501, Movimientos!C:C, "Traslado", Movimientos!G:G, "G5000")-SUMIFS(Movimientos!E:E, Movimientos!D:D, A501, Movimientos!C:C, "Traslado", Movimientos!F:F, "G5000")-SUMIFS(Movimientos!E:E, Movimientos!D:D, A501, Movimientos!C:C, "Egreso", Movimientos!F:F, "G5000")+SUMIFS(Movimientos!E:E, Movimientos!D:D, A501, Movimientos!C:C, "Ajuste", Movimientos!F:F, "G5000")),"") | I501: =IFERROR(IF(A501="","",SUMIFS(Movimientos!E:E, Movimientos!D:D, A501, Movimientos!C:C, "Ingreso", Movimientos!G:G, "G3")+SUMIFS(Movimientos!E:E, Movimientos!D:D, A501, Movimientos!C:C, "Traslado", Movimientos!G:G, "G3")-SUMIFS(Movimientos!E:E, Movimientos!D:D, A501, Movimientos!C:C, "Traslado", Movimientos!F:F, "G3")-SUMIFS(Movimientos!E:E, Movimientos!D:D, A501, Movimientos!C:C, "Egreso", Movimientos!F:F, "G3")+SUMIFS(Movimientos!E:E, Movimientos!D:D, A501, Movimientos!C:C, "Ajuste", Movimientos!F:F, "G3")),"") | J501: =IFERROR(IF(A501="","",SUM(E501:I501)),"") | K501: =IFERROR(IF(A501="","",SUMIFS(Movimientos!E:E, Movimientos!D:D, A501, Movimientos!C:C, "Reserva")-SUMIFS(Movimientos!E:E, Movimientos!D:D, A501, Movimientos!C:C, "Libera_Reserva")),"") | L501: =IFERROR(IF(A501="","",J501-K501),"") | M501: =IFERROR(IF(Productos!A501="","",Productos!G501),"") | N501: =IFERROR(IF(A501="","",IF(L501<M501,"BAJO STOCK","OK")),"")
